id,location_latitude,location_longitude,number_employees,address
1,39.98111,125.24472,41,6651 Sunfield Center
2,59.2741,15.2066,75,4 Corscot Hill
3,49.9151,17.684,93,8390 Northfield Alley
4,-9.16972,-36.67972,100,37273 Clemons Lane
5,43.16667,70.46667,24,068 Carberry Alley
6,40.27178,140.55756,23,16122 Hallows Drive
7,24.51863,91.35787,90,2290 Rutledge Terrace
8,13.648,123.1699,68,92477 Jenna Way
9,33.59744,69.22592,46,43 Straubel Street
10,38.6667,-9.2,97,565 Commercial Drive
